"","x"
"1",0.666666666666667
"2",0.666666666666667
"3",0.166666666666667
"4",0.166666666666667
"5",0.333333333333333
"6",0.5
"7",0.166666666666667
"8",0.333333333333333
"9",0.333333333333333
"10",0.666666666666667
"11",0.333333333333333
"12",0.333333333333333
"13",0.666666666666667
"14",0.166666666666667
"15",0.166666666666667
"16",0.166666666666667
"17",0.166666666666667
"18",0.166666666666667
"19",0.333333333333333
"20",0.166666666666667
"21",0.333333333333333
"22",1
"23",0.666666666666667
"24",0.333333333333333
"25",0.333333333333333
"26",0.166666666666667
"27",0.166666666666667
"28",0.333333333333333
"29",0.166666666666667
"30",0.666666666666667
"31",0.166666666666667
"32",0.333333333333333
"33",0.5
"34",0.333333333333333
"35",0.5
"36",0.166666666666667
"37",0.166666666666667
"38",0.166666666666667
"39",0.666666666666667
"40",0.333333333333333
"41",0.333333333333333
"42",0.166666666666667
"43",0.333333333333333
"44",0.333333333333333
"45",0.333333333333333
"46",0.666666666666667
"47",0.666666666666667
"48",0.333333333333333
"49",0.166666666666667
"50",0.166666666666667
"51",0.666666666666667
"52",0.333333333333333
"53",0.666666666666667
"54",0.333333333333333
"55",0.333333333333333
"56",0.666666666666667
"57",0.333333333333333
"58",0.166666666666667
"59",0.333333333333333
"60",0.333333333333333
"61",0.166666666666667
"62",0.333333333333333
"63",0.333333333333333
"64",0.166666666666667
"65",0.666666666666667
"66",0.333333333333333
"67",0.166666666666667
"68",0.166666666666667
"69",0.5
"70",0.166666666666667
"71",0.166666666666667
"72",0.166666666666667
"73",0.166666666666667
"74",0.333333333333333
"75",0.166666666666667
"76",0.666666666666667
"77",0.333333333333333
"78",0.166666666666667
"79",0.5
"80",0.333333333333333
"81",0.166666666666667
"82",0.333333333333333
"83",0.333333333333333
"84",0.666666666666667
"85",0.166666666666667
"86",0.5
"87",0.333333333333333
"88",0.333333333333333
"89",0.333333333333333
"90",0.166666666666667
"91",0.333333333333333
"92",0.333333333333333
"93",0.666666666666667
"94",0.333333333333333
"95",1
"96",0.166666666666667
"97",0.333333333333333
"98",0.333333333333333
"99",0.166666666666667
"100",0.166666666666667
"101",0.666666666666667
"102",1
"103",0.166666666666667
"104",0.666666666666667
"105",0.666666666666667
"106",0.666666666666667
"107",0.666666666666667
"108",0.5
"109",0.166666666666667
"110",0.166666666666667
"111",0.166666666666667
"112",0.666666666666667
"113",0.166666666666667
"114",0.333333333333333
"115",0.333333333333333
"116",0.333333333333333
"117",0.666666666666667
"118",0.5
"119",0.666666666666667
"120",0.166666666666667
"121",0.5
"122",0.333333333333333
"123",0.333333333333333
"124",0.333333333333333
"125",0.333333333333333
"126",0.333333333333333
"127",0.333333333333333
"128",0.333333333333333
"129",0.333333333333333
"130",0.666666666666667
"131",0.666666666666667
"132",0.666666666666667
"133",0.333333333333333
"134",0.333333333333333
"135",0.333333333333333
"136",0.166666666666667
"137",0.666666666666667
"138",0.333333333333333
"139",0.666666666666667
"140",0.333333333333333
"141",0.666666666666667
"142",0.666666666666667
"143",0.333333333333333
"144",0.333333333333333
"145",0.166666666666667
"146",0.666666666666667
"147",0.166666666666667
"148",0.333333333333333
"149",0.333333333333333
"150",0.666666666666667
"151",0.333333333333333
"152",0.333333333333333
"153",0.333333333333333
"154",0.333333333333333
"155",0.333333333333333
"156",0.666666666666667
"157",0.333333333333333
"158",0.666666666666667
"159",0.333333333333333
"160",0.333333333333333
"161",0.333333333333333
"162",0.333333333333333
"163",0.333333333333333
"164",0.666666666666667
"165",0.333333333333333
"166",0.666666666666667
"167",0.333333333333333
"168",0.333333333333333
"169",0.333333333333333
"170",0.5
"171",0.166666666666667
"172",0.333333333333333
"173",0.166666666666667
"174",0.166666666666667
"175",0.333333333333333
"176",0.5
"177",0.5
"178",0.5
"179",0.166666666666667
"180",0.333333333333333
"181",0.666666666666667
"182",0.333333333333333
"183",0.666666666666667
"184",0.666666666666667
"185",0.333333333333333
"186",0.666666666666667
"187",0.333333333333333
"188",0.333333333333333
"189",0.666666666666667
"190",0.666666666666667
"191",0.666666666666667
"192",0.666666666666667
"193",0.333333333333333
"194",0.666666666666667
"195",0.666666666666667
"196",0.5
"197",0.166666666666667
"198",0.666666666666667
"199",0.333333333333333
"200",0.5
"201",0.333333333333333
"202",0.333333333333333
"203",0.333333333333333
"204",0.666666666666667
"205",0.333333333333333
"206",0.166666666666667
"207",0.333333333333333
"208",0.333333333333333
"209",0.166666666666667
"210",0.333333333333333
"211",0.166666666666667
"212",0.666666666666667
"213",1
"214",0.333333333333333
"215",0.666666666666667
"216",0.666666666666667
"217",0.333333333333333
"218",0.666666666666667
"219",0.333333333333333
"220",0.333333333333333
"221",0.666666666666667
"222",0.333333333333333
"223",0.333333333333333
"224",0.666666666666667
"225",0.166666666666667
"226",0.333333333333333
"227",0.666666666666667
"228",0.333333333333333
"229",0.666666666666667
"230",0.5
"231",0.666666666666667
"232",0.333333333333333
"233",0.666666666666667
"234",0.666666666666667
"235",0.666666666666667
"236",0.666666666666667
"237",0.666666666666667
"238",0.666666666666667
"239",0.666666666666667
"240",0.666666666666667
"241",0.166666666666667
"242",0.333333333333333
"243",1
"244",0.333333333333333
"245",0.166666666666667
"246",0.166666666666667
"247",0.666666666666667
"248",0.5
"249",0.666666666666667
"250",0.5
"251",0.333333333333333
"252",0.333333333333333
"253",0.666666666666667
"254",0.666666666666667
"255",0.666666666666667
"256",0.666666666666667
"257",0.333333333333333
"258",0.666666666666667
"259",0.666666666666667
"260",0.333333333333333
"261",0.666666666666667
"262",0.333333333333333
"263",0.166666666666667
"264",0.666666666666667
"265",0.333333333333333
"266",0.333333333333333
"267",0.333333333333333
"268",0.333333333333333
"269",0.666666666666667
"270",0.666666666666667
"271",0.666666666666667
"272",0.333333333333333
"273",0.666666666666667
"274",0.666666666666667
"275",0.666666666666667
"276",0.666666666666667
"277",0.666666666666667
"278",0.666666666666667
"279",1
"280",0.666666666666667
"281",1
"282",1
"283",0.333333333333333
"284",0.833333333333333
"285",1
"286",0.833333333333333
"287",0.666666666666667
"288",1
"289",1
"290",0.666666666666667
"291",1
"292",0.833333333333333
"293",1
"294",1
"295",0.333333333333333
"296",1
"297",0.833333333333333
"298",1
"299",1
"300",0.666666666666667
"301",0.833333333333333
"302",1
"303",1
"304",0.833333333333333
"305",0.5
"306",0.833333333333333
"307",1
"308",0.333333333333333
"309",0.166666666666667
"310",0.833333333333333
"311",1
"312",0.333333333333333
"313",0.833333333333333
"314",1
"315",0.833333333333333
"316",0.833333333333333
"317",1
"318",1
"319",0.333333333333333
"320",0.666666666666667
"321",0.833333333333333
"322",1
"323",1
"324",0.666666666666667
"325",1
"326",1
"327",0.666666666666667
"328",1
"329",1
"330",1
"331",0.833333333333333
"332",1
"333",1
"334",1
"335",1
"336",0.333333333333333
"337",1
"338",0.166666666666667
"339",0.833333333333333
"340",0.666666666666667
"341",1
"342",1
"343",1
"344",1
"345",1
"346",1
"347",1
"348",1
"349",1
"350",1
"351",1
"352",0.333333333333333
"353",1
"354",1
"355",1
"356",1
"357",1
"358",0.333333333333333
"359",1
"360",0.666666666666667
"361",0.333333333333333
"362",0.333333333333333
"363",0.833333333333333
"364",0.833333333333333
"365",1
"366",1
"367",0.333333333333333
"368",1
"369",0.833333333333333
"370",1
"371",0.833333333333333
"372",1
"373",0.666666666666667
"374",1
"375",0.833333333333333
"376",0.833333333333333
"377",1
"378",1
"379",1
"380",0.833333333333333
"381",1
"382",1
"383",1
"384",0.833333333333333
"385",0.666666666666667
"386",1
"387",1
"388",1
"389",1
"390",0.833333333333333
"391",0.833333333333333
"392",0.5
"393",1
"394",1
"395",1
"396",1
"397",1
"398",0.166666666666667
"399",1
"400",0.333333333333333
"401",1
"402",1
"403",1
"404",1
"405",1
"406",1
"407",1
"408",1
"409",1
"410",1
"411",0.666666666666667
"412",0.833333333333333
"413",1
"414",1
"415",1
"416",0.666666666666667
"417",0.833333333333333
"418",1
"419",0.666666666666667
"420",1
"421",0.333333333333333
"422",0.833333333333333
"423",1
"424",0.166666666666667
"425",0.833333333333333
"426",1
"427",0.333333333333333
"428",1
"429",1
"430",0.833333333333333
"431",0.666666666666667
"432",0.666666666666667
"433",1
"434",1
"435",1
"436",0.833333333333333
"437",1
"438",1
"439",1
"440",0.666666666666667
"441",1
"442",1
"443",1
"444",0.666666666666667
"445",1
"446",0.5
"447",1
"448",1
"449",1
"450",1
"451",0.333333333333333
"452",1
"453",0.666666666666667
"454",1
"455",0.833333333333333
"456",1
"457",1
"458",1
"459",1
"460",1
"461",1
"462",1
"463",0.833333333333333
"464",1
"465",0.666666666666667
"466",1
"467",0.333333333333333
"468",0.666666666666667
"469",0.666666666666667
"470",1
"471",1
"472",0.333333333333333
"473",0.333333333333333
"474",1
"475",1
"476",0.833333333333333
"477",0.666666666666667
"478",0.833333333333333
"479",1
"480",0.166666666666667
"481",0.5
"482",1
"483",0.666666666666667
"484",0.333333333333333
"485",1
"486",0.666666666666667
"487",0.666666666666667
"488",1
"489",0.833333333333333
"490",0.833333333333333
"491",0.666666666666667
"492",1
"493",0.666666666666667
"494",0.833333333333333
"495",1
"496",0.666666666666667
"497",0.5
"498",1
"499",0.666666666666667
"500",1
"501",0.5
"502",1
"503",1
"504",1
"505",1
"506",1
"507",1
"508",0.666666666666667
"509",0.333333333333333
"510",1
"511",0.666666666666667
"512",0.833333333333333
"513",1
"514",0.833333333333333
"515",1
"516",0.666666666666667
"517",0.833333333333333
"518",1
"519",1
"520",1
"521",0.833333333333333
"522",0.833333333333333
"523",1
"524",0.333333333333333
"525",0.833333333333333
"526",1
"527",0.833333333333333
"528",1
"529",0.333333333333333
"530",0.5
"531",1
"532",1
"533",0.833333333333333
"534",0.333333333333333
"535",0.5
"536",0.333333333333333
"537",1
"538",0.333333333333333
"539",1
"540",1
"541",1
"542",0.833333333333333
"543",0.5
"544",0.833333333333333
"545",1
"546",1
"547",0.833333333333333
"548",1
"549",1
"550",1
"551",1
"552",0.666666666666667
"553",1
"554",1
"555",0.833333333333333
"556",1
"557",0.666666666666667
"558",1
"559",0.333333333333333
"560",1
"561",1
"562",1
"563",1
"564",1
"565",1
"566",0.333333333333333
"567",0.666666666666667
"568",1
"569",1
"570",1
"571",0.333333333333333
"572",0.666666666666667
"573",0.166666666666667
"574",0.666666666666667
"575",0.166666666666667
"576",0.666666666666667
"577",1
"578",0.666666666666667
"579",0.333333333333333
"580",0.166666666666667
"581",0.333333333333333
"582",0.666666666666667
"583",0.666666666666667
"584",0.333333333333333
"585",0.166666666666667
"586",0.666666666666667
"587",0.333333333333333
"588",1
"589",0.333333333333333
"590",0.5
"591",0.333333333333333
"592",1
"593",1
"594",1
"595",0.666666666666667
"596",1
"597",0.666666666666667
"598",0.333333333333333
"599",0.333333333333333
"600",0.333333333333333
"601",1
"602",1
"603",0.666666666666667
"604",0.666666666666667
"605",0.833333333333333
"606",0.666666666666667
"607",0.666666666666667
"608",0.333333333333333
"609",0.833333333333333
"610",1
"611",0.333333333333333
"612",1
"613",1
"614",1
"615",1
"616",0.5
"617",0.166666666666667
"618",1
"619",0.666666666666667
"620",0.333333333333333
"621",0.666666666666667
"622",1
"623",1
"624",0.666666666666667
"625",1
"626",0.333333333333333
"627",0.666666666666667
"628",0.666666666666667
"629",1
"630",1
"631",1
"632",0.666666666666667
"633",1
"634",0.666666666666667
"635",0.333333333333333
"636",0.666666666666667
"637",1
"638",1
"639",0.666666666666667
"640",0.833333333333333
"641",0.166666666666667
"642",0.666666666666667
"643",0.333333333333333
"644",1
"645",0.666666666666667
"646",0.5
"647",0.5
"648",0.166666666666667
"649",0.666666666666667
"650",0.666666666666667
"651",0.333333333333333
"652",0.666666666666667
"653",0.666666666666667
"654",0.666666666666667
"655",0.666666666666667
"656",0.666666666666667
"657",1
"658",0.166666666666667
"659",0.666666666666667
"660",1
"661",0.666666666666667
"662",1
"663",0.333333333333333
"664",0.666666666666667
"665",0.833333333333333
"666",0.666666666666667
"667",1
"668",1
"669",1
"670",0.666666666666667
"671",1
"672",1
"673",0.666666666666667
"674",1
"675",0.666666666666667
"676",0.666666666666667
"677",0.666666666666667
"678",1
"679",0.666666666666667
"680",0.333333333333333
"681",1
"682",1
"683",0.666666666666667
"684",0.333333333333333
"685",1
"686",0.333333333333333
"687",0.666666666666667
"688",1
"689",1
"690",0.333333333333333
"691",1
"692",0.666666666666667
"693",0.666666666666667
"694",0.666666666666667
"695",0.666666666666667
"696",1
"697",0.666666666666667
"698",0.666666666666667
"699",1
"700",0.666666666666667
"701",0.666666666666667
"702",0.666666666666667
"703",0.333333333333333
"704",0.333333333333333
"705",0.666666666666667
"706",1
"707",0.666666666666667
"708",1
"709",1
"710",1
"711",0.666666666666667
"712",0.333333333333333
"713",1
"714",0.333333333333333
"715",1
"716",1
"717",0.666666666666667
"718",1
"719",0.666666666666667
"720",0.666666666666667
"721",1
"722",1
"723",0.666666666666667
"724",1
"725",1
"726",0.666666666666667
"727",0.666666666666667
"728",0.666666666666667
"729",1
"730",1
"731",0.666666666666667
"732",1
"733",0.666666666666667
"734",0.666666666666667
"735",0.333333333333333
"736",1
"737",0.333333333333333
"738",0.666666666666667
"739",0.666666666666667
"740",0.333333333333333
"741",1
"742",0.666666666666667
"743",1
"744",0.333333333333333
"745",1
"746",0.333333333333333
"747",0.666666666666667
"748",1
"749",0.666666666666667
"750",0.333333333333333
"751",0.666666666666667
"752",0.666666666666667
"753",1
"754",1
"755",0.666666666666667
"756",0.333333333333333
"757",0.666666666666667
"758",1
"759",1
"760",1
"761",1
"762",0.666666666666667
"763",1
"764",0.666666666666667
"765",1
"766",1
"767",1
"768",1
"769",0.333333333333333
"770",1
"771",0.666666666666667
"772",0.666666666666667
"773",0.666666666666667
"774",1
"775",0.666666666666667
"776",0.333333333333333
"777",0.666666666666667
"778",1
"779",0.666666666666667
"780",1
"781",0.333333333333333
"782",1
"783",1
"784",0.333333333333333
"785",0.666666666666667
"786",0.666666666666667
"787",1
"788",0.666666666666667
"789",0.666666666666667
"790",0.333333333333333
"791",0.666666666666667
"792",0.666666666666667
"793",0.666666666666667
"794",0.666666666666667
"795",1
"796",0.666666666666667
"797",1
"798",0.666666666666667
"799",0.333333333333333
"800",0.666666666666667
"801",0.666666666666667
"802",0.666666666666667
"803",0.666666666666667
"804",0.333333333333333
"805",0.333333333333333
"806",0.666666666666667
"807",0.333333333333333
"808",1
"809",0.333333333333333
"810",0.666666666666667
"811",0.666666666666667
"812",0.333333333333333
"813",1
"814",1
"815",1
"816",0.666666666666667
"817",0.666666666666667
"818",1
"819",0.666666666666667
"820",0.666666666666667
"821",1
"822",1
"823",0.666666666666667
"824",0.333333333333333
"825",1
"826",0.666666666666667
"827",0.666666666666667
"828",0.666666666666667
"829",1
"830",1
"831",1
"832",0.666666666666667
"833",1
"834",0.666666666666667
"835",1
"836",0.666666666666667
"837",0.333333333333333
"838",1
"839",1
"840",1
"841",1
"842",0.666666666666667
"843",0.666666666666667
"844",0.666666666666667
"845",0.666666666666667
"846",1
"847",1
"848",1
"849",0.666666666666667
"850",0.666666666666667
"851",0.666666666666667
"852",1
"853",0.333333333333333
"854",1
"855",0.333333333333333
"856",0.666666666666667
"857",1
"858",1
"859",0.666666666666667
"860",1
"861",1
"862",1
"863",0.333333333333333
"864",0.666666666666667
"865",1
"866",0.666666666666667
"867",1
"868",0.333333333333333
"869",0.666666666666667
"870",1
"871",1
"872",1
"873",0.333333333333333
"874",1
"875",1
"876",0.333333333333333
"877",0.333333333333333
"878",1
"879",0.333333333333333
"880",1
"881",0.666666666666667
"882",0.666666666666667
"883",0.666666666666667
"884",1
"885",0.333333333333333
"886",0.666666666666667
"887",0.666666666666667
"888",1
"889",1
"890",0.666666666666667
"891",1
"892",1
"893",1
"894",1
"895",0.333333333333333
"896",0.666666666666667
"897",0.666666666666667
"898",0.833333333333333
"899",1
"900",0.666666666666667
"901",0.666666666666667
"902",0.666666666666667
"903",1
"904",0.333333333333333
"905",0.666666666666667
"906",0.666666666666667
"907",0.666666666666667
"908",1
"909",1
"910",0.666666666666667
"911",0.666666666666667
"912",1
"913",1
"914",1
"915",1
"916",0.666666666666667
"917",1
"918",0.666666666666667
"919",0.666666666666667
"920",1
"921",0.666666666666667
"922",1
"923",1
"924",0.666666666666667
"925",0.666666666666667
"926",0.666666666666667
"927",0.666666666666667
"928",0.666666666666667
"929",0.333333333333333
"930",1
"931",0.666666666666667
"932",0.333333333333333
"933",0.666666666666667
"934",1
"935",0.333333333333333
"936",1
"937",1
"938",1
"939",0.333333333333333
"940",0.333333333333333
"941",0.666666666666667
"942",0.333333333333333
"943",1
"944",0.666666666666667
"945",0.333333333333333
"946",1
"947",0.666666666666667
"948",0.666666666666667
"949",0.666666666666667
"950",1
"951",0.333333333333333
"952",1
"953",0.666666666666667
"954",0.333333333333333
"955",0.666666666666667
"956",0.666666666666667
"957",0.666666666666667
"958",1
"959",1
"960",0.333333333333333
"961",1
"962",1
"963",1
"964",1
"965",0.666666666666667
"966",0.666666666666667
"967",1
"968",1
"969",1
"970",0.333333333333333
"971",1
"972",1
"973",1
"974",0.666666666666667
"975",0.666666666666667
"976",0.666666666666667
"977",1
"978",0.666666666666667
"979",1
"980",0.666666666666667
"981",0.333333333333333
"982",0.666666666666667
"983",0.333333333333333
"984",1
"985",0.666666666666667
"986",0.666666666666667
"987",1
"988",1
"989",1
"990",1
"991",0.333333333333333
"992",0.666666666666667
"993",1
"994",0.666666666666667
"995",1
"996",1
"997",1
"998",1
"999",0.666666666666667
"1000",1
"1001",0.666666666666667
"1002",0.333333333333333
"1003",0.666666666666667
"1004",0.666666666666667
"1005",0.666666666666667
"1006",1
"1007",0.666666666666667
"1008",0.666666666666667
"1009",0.666666666666667
"1010",1
"1011",0.333333333333333
"1012",0.666666666666667
"1013",1
"1014",0.666666666666667
"1015",0.333333333333333
"1016",0.666666666666667
"1017",0.666666666666667
"1018",1
"1019",0.666666666666667
"1020",0.666666666666667
"1021",0.666666666666667
"1022",0.666666666666667
"1023",1
"1024",0.666666666666667
"1025",0.666666666666667
"1026",1
"1027",0.666666666666667
"1028",0.333333333333333
"1029",0.666666666666667
"1030",0.333333333333333
"1031",0.666666666666667
"1032",1
"1033",0.333333333333333
"1034",0.666666666666667
"1035",1
"1036",0.333333333333333
"1037",0.666666666666667
"1038",0.333333333333333
"1039",1
"1040",0.333333333333333
"1041",1
"1042",0.666666666666667
"1043",0.666666666666667
"1044",1
"1045",0.333333333333333
"1046",0.666666666666667
"1047",1
"1048",0.666666666666667
"1049",1
"1050",0.666666666666667
"1051",0.666666666666667
"1052",1
"1053",0.333333333333333
"1054",1
"1055",0.666666666666667
"1056",1
"1057",1
"1058",0.666666666666667
"1059",1
"1060",1
"1061",0.666666666666667
"1062",0.666666666666667
"1063",1
"1064",1
"1065",1
"1066",0.333333333333333
"1067",0.666666666666667
"1068",0.333333333333333
"1069",0.666666666666667
"1070",1
"1071",1
"1072",0.333333333333333
"1073",0.666666666666667
"1074",0.666666666666667
"1075",0.166666666666667
"1076",0.666666666666667
"1077",1
"1078",0.666666666666667
"1079",0.666666666666667
"1080",1
"1081",1
"1082",1
"1083",0.666666666666667
"1084",0.666666666666667
"1085",1
"1086",0.666666666666667
"1087",1
"1088",0.666666666666667
"1089",0.333333333333333
"1090",0.333333333333333
"1091",1
"1092",0.666666666666667
"1093",0.666666666666667
"1094",0.666666666666667
"1095",1
"1096",1
"1097",0.666666666666667
"1098",0.666666666666667
"1099",1
"1100",1
"1101",0.333333333333333
"1102",0.666666666666667
"1103",0.666666666666667
"1104",0.666666666666667
"1105",1
"1106",0.333333333333333
"1107",1
"1108",1
"1109",0.666666666666667
"1110",0.666666666666667
"1111",1
"1112",1
"1113",0.333333333333333
"1114",0.666666666666667
"1115",0.666666666666667
"1116",0.666666666666667
"1117",1
"1118",0.333333333333333
"1119",0.666666666666667
"1120",1
"1121",0.666666666666667
"1122",0.666666666666667
"1123",0.666666666666667
"1124",1
"1125",0.666666666666667
"1126",0.666666666666667
"1127",1
"1128",1
"1129",0.333333333333333
"1130",1
"1131",1
"1132",0.666666666666667
"1133",0.333333333333333
"1134",0.666666666666667
"1135",1
"1136",0.333333333333333
"1137",1
"1138",0.666666666666667
"1139",1
"1140",0.666666666666667
"1141",0.666666666666667
"1142",0.666666666666667
"1143",0.666666666666667
"1144",1
"1145",0.666666666666667
"1146",1
"1147",1
"1148",1
"1149",0.666666666666667
"1150",1
"1151",0.333333333333333
"1152",0.666666666666667
"1153",1
"1154",0.333333333333333
"1155",0.666666666666667
"1156",0.666666666666667
"1157",1
"1158",0.666666666666667
"1159",0.666666666666667
"1160",0.666666666666667
"1161",1
"1162",0.666666666666667
"1163",1
"1164",0.666666666666667
"1165",0.666666666666667
"1166",0.333333333333333
"1167",0.666666666666667
"1168",0.666666666666667
"1169",0.666666666666667
"1170",0.666666666666667
"1171",0.666666666666667
"1172",0.666666666666667
"1173",1
"1174",0.666666666666667
"1175",0.666666666666667
"1176",0.666666666666667
"1177",0.666666666666667
"1178",1
"1179",0.666666666666667
"1180",1
"1181",1
"1182",0.666666666666667
"1183",0.666666666666667
"1184",1
"1185",1
"1186",1
"1187",1
"1188",1
"1189",0.666666666666667
"1190",0.333333333333333
"1191",0.666666666666667
"1192",1
"1193",1
"1194",1
"1195",0.333333333333333
"1196",1
"1197",0.333333333333333
"1198",0.666666666666667
"1199",0.333333333333333
"1200",1
"1201",0.666666666666667
"1202",0.666666666666667
"1203",1
"1204",0.333333333333333
"1205",0.333333333333333
"1206",1
"1207",1
"1208",0.333333333333333
"1209",0.666666666666667
"1210",0.666666666666667
"1211",0.666666666666667
"1212",1
"1213",0.666666666666667
"1214",0.666666666666667
"1215",1
"1216",1
"1217",0.666666666666667
"1218",1
"1219",0.666666666666667
"1220",1
"1221",0.666666666666667
"1222",1
"1223",0.666666666666667
"1224",1
"1225",1
"1226",0.666666666666667
"1227",0.666666666666667
"1228",1
"1229",0.333333333333333
"1230",1
"1231",1
"1232",1
"1233",1
"1234",0.666666666666667
"1235",1
"1236",0.666666666666667
"1237",1
"1238",1
"1239",0.666666666666667
"1240",0.666666666666667
"1241",0.666666666666667
"1242",0.666666666666667
"1243",0.333333333333333
"1244",0.666666666666667
"1245",0.666666666666667
"1246",0.666666666666667
"1247",0.333333333333333
"1248",1
"1249",0.333333333333333
"1250",0.666666666666667
"1251",0.666666666666667
"1252",0.333333333333333
"1253",0.666666666666667
"1254",1
"1255",1
"1256",1
"1257",0.666666666666667
"1258",0.666666666666667
"1259",1
"1260",1
"1261",0.666666666666667
"1262",1
"1263",0.666666666666667
"1264",0.333333333333333
"1265",1
"1266",1
"1267",0.333333333333333
"1268",1
"1269",1
"1270",1
"1271",0.666666666666667
"1272",0.666666666666667
"1273",1
"1274",0.666666666666667
"1275",0.666666666666667
"1276",0.666666666666667
"1277",1
"1278",0.666666666666667
"1279",1
"1280",0.166666666666667
"1281",1
"1282",1
"1283",1
"1284",0.666666666666667
"1285",1
"1286",1
"1287",1
"1288",0.666666666666667
"1289",0.333333333333333
"1290",1
"1291",1
"1292",0.333333333333333
"1293",0.333333333333333
"1294",1
"1295",0.333333333333333
"1296",1
"1297",0.333333333333333
"1298",0.666666666666667
"1299",1
"1300",1
"1301",0.666666666666667
"1302",0.666666666666667
"1303",1
"1304",1
"1305",0.666666666666667
"1306",0.333333333333333
"1307",0.333333333333333
"1308",0.666666666666667
"1309",1
"1310",0.333333333333333
"1311",0.666666666666667
"1312",0.666666666666667
"1313",1
"1314",0.666666666666667
"1315",0.666666666666667
"1316",0.666666666666667
"1317",1
"1318",0.666666666666667
"1319",0.666666666666667
"1320",1
"1321",1
"1322",0.666666666666667
"1323",0.333333333333333
"1324",1
"1325",0.666666666666667
"1326",1
"1327",1
"1328",1
"1329",0.333333333333333
"1330",0.666666666666667
"1331",1
"1332",0.666666666666667
"1333",1
"1334",0.666666666666667
"1335",1
"1336",1
"1337",1
"1338",1
"1339",0.333333333333333
"1340",0.333333333333333
"1341",1
"1342",0.666666666666667
"1343",1
"1344",0.333333333333333
"1345",0.333333333333333
"1346",0.666666666666667
"1347",1
"1348",1
"1349",0.666666666666667
"1350",0.666666666666667
"1351",0.666666666666667
"1352",0.333333333333333
"1353",1
"1354",1
"1355",0.666666666666667
"1356",0.666666666666667
"1357",0.333333333333333
"1358",0.333333333333333
"1359",0.333333333333333
"1360",1
"1361",0.666666666666667
"1362",0.666666666666667
"1363",1
"1364",0.666666666666667
"1365",1
"1366",0.666666666666667
"1367",0.333333333333333
"1368",0.666666666666667
"1369",1
"1370",1
"1371",0.333333333333333
"1372",1
"1373",0.666666666666667
"1374",0.666666666666667
"1375",0.666666666666667
"1376",0.666666666666667
"1377",0.666666666666667
"1378",0.666666666666667
"1379",1
"1380",0.333333333333333
"1381",0.666666666666667
"1382",0.666666666666667
"1383",1
"1384",1
"1385",1
"1386",0.666666666666667
"1387",1
"1388",1
"1389",1
"1390",1
"1391",0.666666666666667
"1392",0.666666666666667
"1393",0.333333333333333
"1394",1
"1395",1
"1396",0.666666666666667
"1397",0.333333333333333
"1398",1
"1399",0.666666666666667
"1400",0.666666666666667
"1401",0.333333333333333
"1402",1
"1403",0.666666666666667
"1404",0.666666666666667
"1405",0.666666666666667
"1406",1
"1407",0.333333333333333
"1408",0.666666666666667
"1409",0.666666666666667
"1410",1
"1411",0.666666666666667
"1412",1
"1413",0.666666666666667
"1414",1
"1415",1
"1416",0.333333333333333
"1417",1
"1418",1
"1419",1
"1420",0.666666666666667
"1421",0.333333333333333
"1422",0.666666666666667
"1423",1
"1424",0.666666666666667
"1425",1
"1426",1
"1427",0.333333333333333
"1428",1
"1429",1
"1430",0.666666666666667
"1431",1
"1432",0.666666666666667
"1433",0.333333333333333
"1434",0.666666666666667
"1435",1
"1436",0.666666666666667
"1437",0.666666666666667
"1438",0.666666666666667
"1439",0.666666666666667
"1440",1
"1441",1
"1442",0.666666666666667
"1443",0.666666666666667
"1444",0.666666666666667
"1445",0.666666666666667
"1446",1
"1447",0.666666666666667
"1448",0.666666666666667
"1449",0.666666666666667
"1450",0.333333333333333
"1451",1
"1452",1
"1453",0.333333333333333
"1454",1
"1455",0.333333333333333
"1456",0.666666666666667
"1457",0.666666666666667
"1458",0.666666666666667
"1459",1
"1460",1
"1461",0.833333333333333
"1462",0.5
"1463",0.666666666666667
"1464",1
"1465",0.666666666666667
"1466",0.333333333333333
"1467",0.333333333333333
"1468",0.666666666666667
"1469",1
"1470",0.666666666666667
"1471",1
"1472",1
"1473",0.666666666666667
"1474",0.333333333333333
"1475",0.666666666666667
"1476",0.666666666666667
"1477",1
"1478",1
"1479",0.666666666666667
"1480",1
"1481",0.333333333333333
"1482",0.666666666666667
"1483",1
"1484",0.666666666666667
"1485",1
"1486",1
"1487",1
"1488",0.666666666666667
"1489",1
"1490",1
"1491",1
"1492",1
"1493",0.666666666666667
"1494",1
"1495",0.833333333333333
"1496",0.666666666666667
"1497",0.333333333333333
"1498",0.666666666666667
"1499",0.666666666666667
"1500",1
"1501",0.666666666666667
"1502",0.333333333333333
"1503",0.333333333333333
"1504",1
"1505",0.5
"1506",1
"1507",0.333333333333333
"1508",0.666666666666667
"1509",0.666666666666667
"1510",0.333333333333333
"1511",0.666666666666667
"1512",0.666666666666667
"1513",1
"1514",0.666666666666667
"1515",0.666666666666667
"1516",0.333333333333333
"1517",0.666666666666667
"1518",0.666666666666667
"1519",0.666666666666667
"1520",0.666666666666667
"1521",0.333333333333333
"1522",0.666666666666667
"1523",0.666666666666667
"1524",0.333333333333333
"1525",0.666666666666667
"1526",0.666666666666667
"1527",0.666666666666667
"1528",0.666666666666667
"1529",1
"1530",0.333333333333333
"1531",1
"1532",0.666666666666667
"1533",1
"1534",1
"1535",1
"1536",0.333333333333333
"1537",0.666666666666667
"1538",0.666666666666667
"1539",1
"1540",0.666666666666667
"1541",0.666666666666667
"1542",0.666666666666667
"1543",1
"1544",0.333333333333333
"1545",1
"1546",0.666666666666667
"1547",0.666666666666667
"1548",0.666666666666667
"1549",0.666666666666667
"1550",0.666666666666667
"1551",1
"1552",1
"1553",1
"1554",0.833333333333333
"1555",1
"1556",1
"1557",0.666666666666667
"1558",0.666666666666667
"1559",0.666666666666667
"1560",0.666666666666667
"1561",1
"1562",0.333333333333333
"1563",0.333333333333333
"1564",1
"1565",1
"1566",0.666666666666667
"1567",0.666666666666667
"1568",0.666666666666667
"1569",1
"1570",0.666666666666667
"1571",0.666666666666667
"1572",0.666666666666667
"1573",0.666666666666667
"1574",0.333333333333333
"1575",1
"1576",0.666666666666667
"1577",0.333333333333333
"1578",1
"1579",1
"1580",0.666666666666667
"1581",0.666666666666667
"1582",0.666666666666667
"1583",1
"1584",0.666666666666667
"1585",0.666666666666667
"1586",0.666666666666667
"1587",0.333333333333333
"1588",1
"1589",0.666666666666667
"1590",0.5
"1591",0.666666666666667
"1592",0.666666666666667
"1593",1
"1594",0.666666666666667
"1595",0.333333333333333
"1596",0.333333333333333
"1597",0.666666666666667
"1598",0.666666666666667
"1599",1
"1600",0.666666666666667
"1601",1
"1602",0.666666666666667
"1603",0.666666666666667
"1604",1
"1605",1
"1606",0.666666666666667
"1607",1
"1608",0.666666666666667
"1609",1
"1610",1
"1611",1
"1612",0.666666666666667
"1613",1
"1614",1
"1615",0.333333333333333
"1616",0.666666666666667
"1617",0.666666666666667
"1618",1
"1619",1
"1620",0.666666666666667
"1621",1
"1622",1
"1623",0.666666666666667
"1624",1
"1625",0.333333333333333
"1626",0.333333333333333
"1627",1
"1628",0.333333333333333
"1629",0.666666666666667
"1630",1
"1631",1
"1632",0.666666666666667
"1633",0.666666666666667
"1634",0.333333333333333
"1635",0.666666666666667
"1636",0.666666666666667
"1637",0.666666666666667
"1638",0.833333333333333
"1639",0.666666666666667
"1640",0.666666666666667
"1641",1
"1642",0.666666666666667
"1643",1
"1644",0.666666666666667
"1645",0.666666666666667
"1646",0.666666666666667
"1647",1
"1648",0.333333333333333
"1649",0.5
"1650",1
"1651",0.666666666666667
"1652",0.666666666666667
"1653",0.333333333333333
"1654",0.333333333333333
"1655",1
"1656",0.333333333333333
"1657",1
"1658",0.666666666666667
"1659",0.666666666666667
"1660",0.833333333333333
"1661",0.666666666666667
"1662",0.666666666666667
"1663",0.666666666666667
"1664",0.666666666666667
"1665",1
"1666",0.666666666666667
"1667",0.333333333333333
"1668",0.333333333333333
"1669",0.666666666666667
"1670",1
"1671",1
"1672",1
"1673",1
"1674",1
"1675",0.666666666666667
"1676",0.333333333333333
"1677",1
"1678",0.333333333333333
"1679",1
"1680",0.333333333333333
"1681",1
"1682",1
"1683",0.666666666666667
"1684",0.333333333333333
"1685",1
"1686",0.666666666666667
"1687",0.333333333333333
"1688",0.666666666666667
"1689",1
"1690",0.666666666666667
"1691",1
"1692",0.666666666666667
"1693",0.333333333333333
"1694",1
"1695",0.666666666666667
"1696",0.666666666666667
"1697",0.666666666666667
"1698",1
"1699",0.666666666666667
"1700",0.666666666666667
"1701",0.666666666666667
"1702",0.666666666666667
"1703",1
"1704",0.333333333333333
"1705",1
"1706",0.666666666666667
"1707",0.666666666666667
"1708",1
"1709",1
"1710",1
"1711",1
"1712",1
"1713",0.666666666666667
"1714",1
"1715",0.666666666666667
"1716",0.666666666666667
"1717",1
"1718",1
"1719",1
"1720",0.666666666666667
"1721",0.666666666666667
"1722",0.666666666666667
"1723",0.666666666666667
"1724",0.333333333333333
"1725",1
"1726",1
"1727",1
"1728",1
"1729",0.666666666666667
"1730",1
"1731",1
"1732",0.666666666666667
"1733",1
"1734",1
"1735",0.666666666666667
"1736",0.666666666666667
"1737",0.666666666666667
"1738",1
"1739",0.333333333333333
"1740",0.666666666666667
"1741",1
"1742",1
"1743",1
"1744",0.333333333333333
"1745",1
"1746",0.666666666666667
"1747",0.333333333333333
"1748",0.333333333333333
"1749",0.333333333333333
"1750",0.666666666666667
"1751",1
"1752",0.666666666666667
"1753",0.666666666666667
"1754",0.666666666666667
"1755",0.666666666666667
"1756",0.333333333333333
"1757",1
"1758",0.666666666666667
"1759",0.666666666666667
"1760",0.333333333333333
"1761",0.666666666666667
"1762",0.666666666666667
"1763",0.833333333333333
"1764",1
"1765",0.666666666666667
"1766",0.666666666666667
"1767",1
"1768",0.666666666666667
"1769",1
"1770",0.666666666666667
"1771",0.666666666666667
"1772",0.333333333333333
"1773",0.666666666666667
"1774",0.666666666666667
"1775",1
"1776",1
"1777",0.666666666666667
"1778",0.666666666666667
"1779",0.666666666666667
"1780",0.666666666666667
"1781",1
"1782",0.333333333333333
"1783",0.666666666666667
"1784",0.666666666666667
"1785",0.666666666666667
"1786",1
"1787",0.666666666666667
"1788",0.666666666666667
"1789",0.666666666666667
"1790",0.666666666666667
"1791",0.666666666666667
"1792",0.666666666666667
"1793",0.666666666666667
"1794",1
"1795",0.333333333333333
"1796",0.333333333333333
"1797",0.666666666666667
"1798",0.333333333333333
"1799",1
"1800",0.333333333333333
"1801",0.666666666666667
"1802",0.333333333333333
"1803",0.666666666666667
"1804",0.333333333333333
"1805",0.333333333333333
"1806",0.666666666666667
"1807",0.666666666666667
"1808",0.333333333333333
"1809",1
"1810",0.666666666666667
"1811",0.666666666666667
"1812",0.666666666666667
"1813",1
"1814",1
"1815",1
"1816",0.666666666666667
"1817",0.666666666666667
"1818",0.333333333333333
"1819",0.666666666666667
"1820",0.333333333333333
"1821",0.333333333333333
"1822",1
"1823",0.333333333333333
"1824",0.666666666666667
"1825",1
"1826",0.666666666666667
"1827",0.666666666666667
"1828",0.5
"1829",1
"1830",1
"1831",0.666666666666667
"1832",0.333333333333333
"1833",0.666666666666667
"1834",1
"1835",0.333333333333333
"1836",0.333333333333333
"1837",0.666666666666667
"1838",1
"1839",0.666666666666667
"1840",0.666666666666667
"1841",1
"1842",0.666666666666667
"1843",0.333333333333333
"1844",1
"1845",1
"1846",1
"1847",1
"1848",0.333333333333333
"1849",1
"1850",0.666666666666667
"1851",0.666666666666667
"1852",1
"1853",0.666666666666667
"1854",0.666666666666667
"1855",0.666666666666667
"1856",1
"1857",1
"1858",0.666666666666667
"1859",1
"1860",0.666666666666667
"1861",0.333333333333333
"1862",0.666666666666667
"1863",0.666666666666667
"1864",1
"1865",1
"1866",1
"1867",0.666666666666667
"1868",0.666666666666667
"1869",1
"1870",0.666666666666667
"1871",0.666666666666667
"1872",0.666666666666667
"1873",0.666666666666667
"1874",0.666666666666667
"1875",1
"1876",1
"1877",1
"1878",0.666666666666667
"1879",1
"1880",0.666666666666667
"1881",0.666666666666667
"1882",1
"1883",0.333333333333333
"1884",1
"1885",0.666666666666667
"1886",1
"1887",1
"1888",0.666666666666667
"1889",1
"1890",1
"1891",1
"1892",0.666666666666667
"1893",0.333333333333333
"1894",1
"1895",0.666666666666667
"1896",1
"1897",0.333333333333333
"1898",0.666666666666667
"1899",1
"1900",0.666666666666667
"1901",1
"1902",0.666666666666667
"1903",0.666666666666667
"1904",0.666666666666667
"1905",1
"1906",0.666666666666667
"1907",0.666666666666667
"1908",0.666666666666667
"1909",0.666666666666667
"1910",1
"1911",1
"1912",1
"1913",0.666666666666667
"1914",0.666666666666667
"1915",1
"1916",1
"1917",1
"1918",0.333333333333333
"1919",1
"1920",0.666666666666667
"1921",0.666666666666667
"1922",0.666666666666667
"1923",1
"1924",0.666666666666667
"1925",0.666666666666667
"1926",0.333333333333333
"1927",1
"1928",0.666666666666667
"1929",1
"1930",0.666666666666667
"1931",1
"1932",0.666666666666667
"1933",1
"1934",0.666666666666667
"1935",0.333333333333333
"1936",0.666666666666667
"1937",0.666666666666667
"1938",0.666666666666667
"1939",1
"1940",0.666666666666667
"1941",1
"1942",1
"1943",0.666666666666667
"1944",0.666666666666667
"1945",0.666666666666667
"1946",1
"1947",0.666666666666667
"1948",0.666666666666667
"1949",0.666666666666667
"1950",0.666666666666667
"1951",0.666666666666667
"1952",1
"1953",0.333333333333333
"1954",1
"1955",0.666666666666667
"1956",0.666666666666667
"1957",0.666666666666667
"1958",0.666666666666667
"1959",1
"1960",0.666666666666667
"1961",1
"1962",0.666666666666667
"1963",0.666666666666667
"1964",1
"1965",0.666666666666667
"1966",1
"1967",0.666666666666667
"1968",0.666666666666667
"1969",0.666666666666667
"1970",0.333333333333333
"1971",0.666666666666667
"1972",0.333333333333333
"1973",0.666666666666667
"1974",0.666666666666667
"1975",1
"1976",0.833333333333333
"1977",1
"1978",0.666666666666667
"1979",1
"1980",0.666666666666667
"1981",1
"1982",0.333333333333333
"1983",0.666666666666667
"1984",0.666666666666667
"1985",1
"1986",1
"1987",0.666666666666667
"1988",1
"1989",0.666666666666667
"1990",1
"1991",0.666666666666667
"1992",0.666666666666667
"1993",0.333333333333333
"1994",0.666666666666667
"1995",1
"1996",0.666666666666667
"1997",0.333333333333333
"1998",0.333333333333333
"1999",0.333333333333333
"2000",1
"2001",0.666666666666667
"2002",0.666666666666667
"2003",0.666666666666667
"2004",0.333333333333333
"2005",0.666666666666667
"2006",0.666666666666667
"2007",1
"2008",0.666666666666667
"2009",0.666666666666667
"2010",0.333333333333333
"2011",0.666666666666667
"2012",0.666666666666667
"2013",1
"2014",0.666666666666667
"2015",0.666666666666667
"2016",0.666666666666667
"2017",0.666666666666667
"2018",0.333333333333333
"2019",1
"2020",1
"2021",1
"2022",1
"2023",1
"2024",1
"2025",0.666666666666667
"2026",1
"2027",0.666666666666667
"2028",0.666666666666667
"2029",1
"2030",1
"2031",0.666666666666667
"2032",1
"2033",1
"2034",1
"2035",1
"2036",1
"2037",0.666666666666667
"2038",1
"2039",0.333333333333333
"2040",0.333333333333333
"2041",0.666666666666667
"2042",0.666666666666667
"2043",0.666666666666667
"2044",0.333333333333333
"2045",0.666666666666667
"2046",0.666666666666667
"2047",0.666666666666667
"2048",1
"2049",0.666666666666667
"2050",0.666666666666667
"2051",1
"2052",0.666666666666667
"2053",0.666666666666667
"2054",1
"2055",1
"2056",0.666666666666667
"2057",1
"2058",0.666666666666667
"2059",0.666666666666667
"2060",1
"2061",1
"2062",1
"2063",0.666666666666667
"2064",1
"2065",0.333333333333333
"2066",0.333333333333333
"2067",1
"2068",1
"2069",0.666666666666667
"2070",0.666666666666667
"2071",1
"2072",0.666666666666667
"2073",0.333333333333333
"2074",0.666666666666667
"2075",0.333333333333333
"2076",0.666666666666667
"2077",0.666666666666667
"2078",1
"2079",0.666666666666667
"2080",0.333333333333333
"2081",0.666666666666667
"2082",0.666666666666667
"2083",0.666666666666667
"2084",1
"2085",0.666666666666667
"2086",1
"2087",0.666666666666667
"2088",1
"2089",1
"2090",0.666666666666667
"2091",0.333333333333333
"2092",0.666666666666667
"2093",0.666666666666667
"2094",0.666666666666667
"2095",0.666666666666667
"2096",0.333333333333333
"2097",1
"2098",1
"2099",0.166666666666667
"2100",0.666666666666667
"2101",1
"2102",1
"2103",1
"2104",1
"2105",0.833333333333333
"2106",0.333333333333333
"2107",0.333333333333333
"2108",0.333333333333333
"2109",1
"2110",0.666666666666667
"2111",1
"2112",0.333333333333333
"2113",1
"2114",0.333333333333333
"2115",1
"2116",0.333333333333333
"2117",0.666666666666667
"2118",1
"2119",0.333333333333333
"2120",0.666666666666667
"2121",0.666666666666667
"2122",1
"2123",0.666666666666667
"2124",0.333333333333333
"2125",0.666666666666667
"2126",0.333333333333333
"2127",1
"2128",0.666666666666667
"2129",0.333333333333333
"2130",1
"2131",0.333333333333333
"2132",1
"2133",1
"2134",1
"2135",1
"2136",0.666666666666667
"2137",1
"2138",0.333333333333333
"2139",0.666666666666667
"2140",0.666666666666667
"2141",0.666666666666667
"2142",1
"2143",0.333333333333333
"2144",0.666666666666667
"2145",1
"2146",0.666666666666667
"2147",1
"2148",1
"2149",0.666666666666667
"2150",0.666666666666667
"2151",0.333333333333333
"2152",0.333333333333333
"2153",0.666666666666667
"2154",0.666666666666667
"2155",0.666666666666667
"2156",0.333333333333333
"2157",1
"2158",0.666666666666667
"2159",1
"2160",1
"2161",0.666666666666667
"2162",1
"2163",0.666666666666667
"2164",0.666666666666667
"2165",1
"2166",0.666666666666667
"2167",0.666666666666667
"2168",0.666666666666667
"2169",0.666666666666667
"2170",0.666666666666667
"2171",0.833333333333333
"2172",1
"2173",1
"2174",1
"2175",0.333333333333333
"2176",0.5
"2177",0.666666666666667
"2178",0.666666666666667
"2179",1
"2180",0.666666666666667
"2181",1
"2182",0.666666666666667
"2183",0.666666666666667
"2184",1
"2185",0.666666666666667
"2186",0.666666666666667
"2187",1
"2188",0.666666666666667
"2189",1
"2190",1
"2191",0.666666666666667
"2192",0.666666666666667
"2193",0.666666666666667
"2194",0.666666666666667
"2195",1
"2196",0.666666666666667
"2197",1
"2198",1
"2199",0.666666666666667
"2200",1
"2201",1
"2202",0.666666666666667
"2203",1
"2204",0.666666666666667
"2205",0.666666666666667
"2206",0.666666666666667
"2207",0.666666666666667
"2208",1
"2209",1
"2210",1
"2211",1
"2212",0.666666666666667
"2213",1
"2214",0.333333333333333
"2215",1
"2216",0.666666666666667
"2217",0.333333333333333
"2218",0.166666666666667
"2219",0.333333333333333
"2220",0.666666666666667
"2221",0.333333333333333
"2222",0.666666666666667
"2223",0.666666666666667
"2224",0.666666666666667
"2225",1
"2226",0.666666666666667
"2227",0.333333333333333
"2228",0.666666666666667
"2229",0.666666666666667
"2230",1
"2231",0.666666666666667
"2232",1
"2233",0.333333333333333
"2234",0.666666666666667
"2235",1
"2236",1
"2237",0.666666666666667
"2238",1
"2239",1
"2240",1
"2241",0.666666666666667
"2242",1
"2243",0.333333333333333
"2244",0.666666666666667
"2245",1
"2246",1
"2247",0.666666666666667
"2248",0.333333333333333
"2249",0.666666666666667
"2250",1
"2251",1
"2252",0.666666666666667
"2253",1
"2254",1
"2255",1
"2256",1
"2257",0.333333333333333
"2258",1
"2259",0.833333333333333
"2260",0.666666666666667
"2261",1
"2262",0.666666666666667
"2263",0.666666666666667
"2264",0.333333333333333
"2265",0.666666666666667
"2266",0.333333333333333
"2267",1
"2268",0.333333333333333
"2269",1
"2270",1
"2271",0.333333333333333
"2272",0.666666666666667
"2273",0.666666666666667
"2274",0.666666666666667
"2275",0.666666666666667
"2276",1
"2277",1
"2278",0.333333333333333
"2279",0.666666666666667
"2280",0.666666666666667
"2281",1
"2282",0.333333333333333
"2283",1
"2284",1
"2285",0.666666666666667
"2286",0.666666666666667
"2287",0.333333333333333
"2288",0.333333333333333
"2289",0.666666666666667
"2290",0.666666666666667
"2291",1
"2292",1
"2293",1
"2294",1
"2295",0.666666666666667
"2296",0.666666666666667
"2297",1
"2298",0.666666666666667
"2299",1
"2300",0.666666666666667
"2301",1
"2302",0.666666666666667
"2303",0.666666666666667
"2304",0.666666666666667
"2305",1
"2306",1
"2307",0.666666666666667
"2308",1
"2309",0.666666666666667
"2310",0.666666666666667
"2311",0.333333333333333
"2312",0.666666666666667
"2313",0.666666666666667
"2314",0.666666666666667
"2315",0.666666666666667
"2316",0.666666666666667
"2317",0.333333333333333
"2318",1
"2319",1
"2320",1
"2321",1
"2322",0.666666666666667
"2323",1
"2324",0.666666666666667
"2325",0.666666666666667
"2326",0.666666666666667
"2327",1
"2328",0.666666666666667
"2329",1
"2330",1
"2331",0.333333333333333
"2332",0.333333333333333
"2333",1
"2334",1
"2335",1
"2336",1
"2337",1
"2338",0.666666666666667
"2339",1
"2340",0.333333333333333
"2341",0.666666666666667
"2342",1
"2343",0.666666666666667
"2344",0.666666666666667
"2345",1
"2346",0.666666666666667
"2347",0.666666666666667
"2348",0.666666666666667
"2349",0.666666666666667
"2350",1
"2351",1
"2352",0.333333333333333
"2353",1
"2354",0.666666666666667
"2355",0.666666666666667
"2356",0.333333333333333
"2357",1
"2358",0.333333333333333
"2359",1
"2360",0.333333333333333
"2361",0.666666666666667
"2362",0.666666666666667
"2363",0.333333333333333
"2364",0.666666666666667
"2365",0.333333333333333
"2366",0.833333333333333
"2367",1
"2368",0.666666666666667
"2369",0.666666666666667
"2370",1
"2371",1
"2372",0.666666666666667
"2373",1
"2374",0.666666666666667
"2375",1
"2376",0.666666666666667
"2377",1
"2378",0.666666666666667
"2379",0.166666666666667
"2380",1
"2381",0.333333333333333
"2382",1
"2383",1
"2384",0.333333333333333
"2385",1
"2386",0.5
"2387",0.333333333333333
"2388",0.666666666666667
"2389",1
"2390",0.666666666666667
"2391",1
"2392",1
"2393",0.333333333333333
"2394",1
"2395",0.666666666666667
"2396",0.666666666666667
"2397",0.666666666666667
"2398",0.333333333333333
"2399",1
"2400",0.666666666666667
"2401",0.666666666666667
"2402",0.666666666666667
"2403",0.666666666666667
"2404",1
"2405",1
"2406",0.666666666666667
"2407",0.666666666666667
"2408",0.666666666666667
"2409",1
"2410",0.666666666666667
"2411",1
"2412",1
"2413",0.666666666666667
"2414",0.666666666666667
"2415",0.666666666666667
"2416",0.666666666666667
"2417",1
"2418",0.666666666666667
"2419",1
"2420",1
"2421",1
"2422",0.333333333333333
"2423",1
"2424",0.666666666666667
"2425",1
"2426",1
"2427",0.666666666666667
"2428",1
"2429",1
"2430",0.5
"2431",1
"2432",0.333333333333333
"2433",0.333333333333333
"2434",1
"2435",0.333333333333333
"2436",0.666666666666667
"2437",0.666666666666667
"2438",1
"2439",1
"2440",0.666666666666667
"2441",0.666666666666667
"2442",1
"2443",0.666666666666667
"2444",1
"2445",0.666666666666667
"2446",0.666666666666667
"2447",0.666666666666667
"2448",1
"2449",1
"2450",0.666666666666667
"2451",1
"2452",1
"2453",0.666666666666667
"2454",0.666666666666667
"2455",1
"2456",0.666666666666667
"2457",1
"2458",0.666666666666667
"2459",0.666666666666667
"2460",0.666666666666667
"2461",0.666666666666667
"2462",1
"2463",0.666666666666667
"2464",1
"2465",0.666666666666667
"2466",0.666666666666667
"2467",1
"2468",1
"2469",1
"2470",1
"2471",1
"2472",0.666666666666667
"2473",1
"2474",1
"2475",0.666666666666667
"2476",1
"2477",0.666666666666667
"2478",1
"2479",0.666666666666667
"2480",1
"2481",0.666666666666667
"2482",0.666666666666667
"2483",0.666666666666667
"2484",0.666666666666667
"2485",0.666666666666667
"2486",0.666666666666667
"2487",0.666666666666667
"2488",0.333333333333333
"2489",0.333333333333333
"2490",0.666666666666667
"2491",1
"2492",1
"2493",1
"2494",1
"2495",1
"2496",1
"2497",0.333333333333333
"2498",1
"2499",1
"2500",0.666666666666667
"2501",0.333333333333333
"2502",0.333333333333333
"2503",1
"2504",0.666666666666667
"2505",1
"2506",0.666666666666667
"2507",0.333333333333333
"2508",0.666666666666667
"2509",1
"2510",1
"2511",0.666666666666667
"2512",0.666666666666667
"2513",0.333333333333333
"2514",0.666666666666667
"2515",0.666666666666667
"2516",1
"2517",1
"2518",0.666666666666667
"2519",1
"2520",1
"2521",1
"2522",1
"2523",0.666666666666667
"2524",0.666666666666667
"2525",0.5
"2526",0.666666666666667
"2527",1
"2528",1
"2529",1
"2530",0.666666666666667
"2531",0.666666666666667
"2532",1
"2533",0.666666666666667
"2534",0.666666666666667
"2535",0.666666666666667
"2536",1
"2537",0.666666666666667
"2538",0.666666666666667
"2539",0.333333333333333
"2540",0.666666666666667
"2541",0.666666666666667
"2542",0.333333333333333
"2543",0.333333333333333
"2544",0.666666666666667
"2545",0.666666666666667
"2546",0.666666666666667
"2547",0.666666666666667
"2548",1
"2549",1
"2550",1
"2551",0.666666666666667
"2552",1
"2553",0.666666666666667
"2554",0.666666666666667
"2555",0.333333333333333
"2556",0.666666666666667
"2557",0.666666666666667
"2558",0.666666666666667
"2559",0.666666666666667
"2560",1
"2561",0.666666666666667
"2562",1
"2563",0.666666666666667
"2564",0.666666666666667
"2565",0.666666666666667
"2566",0.666666666666667
"2567",0.666666666666667
"2568",1
"2569",0.666666666666667
"2570",1
"2571",0.666666666666667
"2572",1
"2573",0.333333333333333
"2574",0.666666666666667
"2575",1
"2576",1
"2577",0.666666666666667
"2578",0.666666666666667
"2579",1
"2580",0.666666666666667
"2581",0.666666666666667
"2582",0.666666666666667
"2583",0.666666666666667
"2584",0.666666666666667
"2585",0.666666666666667
"2586",0.333333333333333
"2587",1
"2588",0.666666666666667
"2589",0.333333333333333
"2590",0.666666666666667
"2591",0.666666666666667
"2592",1
"2593",0.666666666666667
"2594",0.666666666666667
"2595",1
"2596",1
"2597",1
"2598",1
"2599",0.666666666666667
"2600",0.666666666666667
"2601",0.666666666666667
"2602",1
"2603",0.666666666666667
"2604",0.666666666666667
"2605",0.333333333333333
"2606",0.666666666666667
"2607",1
"2608",0.666666666666667
"2609",0.666666666666667
"2610",0.666666666666667
"2611",0.333333333333333
"2612",0.666666666666667
"2613",0.333333333333333
"2614",0.666666666666667
"2615",1
"2616",1
"2617",0.333333333333333
"2618",0.666666666666667
"2619",0.666666666666667
"2620",0.666666666666667
"2621",1
"2622",1
"2623",0.666666666666667
"2624",1
"2625",0.666666666666667
"2626",1
"2627",0.666666666666667
"2628",0.333333333333333
"2629",0.666666666666667
"2630",0.666666666666667
"2631",1
"2632",0.333333333333333
"2633",0.666666666666667
"2634",1
"2635",1
"2636",0.666666666666667
"2637",0.333333333333333
"2638",1
"2639",0.666666666666667
"2640",0.666666666666667
"2641",0.333333333333333
"2642",0.666666666666667
"2643",1
"2644",0.5
"2645",0.666666666666667
"2646",1
"2647",0.333333333333333
"2648",0.666666666666667
"2649",0.333333333333333
"2650",0.333333333333333
"2651",1
"2652",0.333333333333333
"2653",0.666666666666667
"2654",1
"2655",0.333333333333333
"2656",1
"2657",0.333333333333333
"2658",0.333333333333333
"2659",1
"2660",0.666666666666667
"2661",0.666666666666667
"2662",0.666666666666667
"2663",0.666666666666667
"2664",0.666666666666667
"2665",1
"2666",0.666666666666667
"2667",1
"2668",0.666666666666667
"2669",1
"2670",1
"2671",0.333333333333333
"2672",1
"2673",0.333333333333333
"2674",0.666666666666667
"2675",0.666666666666667
"2676",0.666666666666667
"2677",1
"2678",0.666666666666667
"2679",0.666666666666667
"2680",1
"2681",0.666666666666667
"2682",0.666666666666667
"2683",0.666666666666667
"2684",1
"2685",1
"2686",1
"2687",1
"2688",1
"2689",0.666666666666667
"2690",0.333333333333333
"2691",0.666666666666667
"2692",1
"2693",1
"2694",0.666666666666667
"2695",1
"2696",0.666666666666667
"2697",1
"2698",0.666666666666667
"2699",1
"2700",1
"2701",0.666666666666667
"2702",0.333333333333333
"2703",1
"2704",0.666666666666667
"2705",0.666666666666667
"2706",1
"2707",0.666666666666667
"2708",1
"2709",1
"2710",1
"2711",0.666666666666667
"2712",0.333333333333333
"2713",0.666666666666667
"2714",0.333333333333333
"2715",0.666666666666667
"2716",1
"2717",0.666666666666667
"2718",0.666666666666667
"2719",0.333333333333333
"2720",0.333333333333333
"2721",0.333333333333333
"2722",1
"2723",0.333333333333333
"2724",0.666666666666667
"2725",1
"2726",1
"2727",0.333333333333333
"2728",1
"2729",1
"2730",0.666666666666667
"2731",0.333333333333333
"2732",0.666666666666667
"2733",0.333333333333333
"2734",1
"2735",0.666666666666667
"2736",1
"2737",1
"2738",0.333333333333333
"2739",1
"2740",0.333333333333333
"2741",0.666666666666667
"2742",1
"2743",0.333333333333333
"2744",0.333333333333333
"2745",1
"2746",1
"2747",0.666666666666667
"2748",0.333333333333333
"2749",1
"2750",0.666666666666667
"2751",0.333333333333333
"2752",0.666666666666667
"2753",0.666666666666667
"2754",1
"2755",0.666666666666667
"2756",0.666666666666667
"2757",0.666666666666667
"2758",1
"2759",1
"2760",0.666666666666667
"2761",0.666666666666667
"2762",0.333333333333333
"2763",1
"2764",0.666666666666667
"2765",0.666666666666667
"2766",0.666666666666667
"2767",0.666666666666667
"2768",1
"2769",0.666666666666667
"2770",0.333333333333333
"2771",1
"2772",1
"2773",0.666666666666667
"2774",1
"2775",0.666666666666667
"2776",0.333333333333333
"2777",1
"2778",0.666666666666667
"2779",1
"2780",0.666666666666667
"2781",1
"2782",0.333333333333333
"2783",0.666666666666667
"2784",0.333333333333333
"2785",1
"2786",0.333333333333333
"2787",1
"2788",0.666666666666667
"2789",0.5
"2790",1
"2791",1
"2792",0.666666666666667
"2793",0.666666666666667
"2794",0.666666666666667
"2795",1
"2796",0.666666666666667
"2797",1
"2798",1
"2799",0.666666666666667
"2800",0.333333333333333
"2801",1
"2802",0.666666666666667
"2803",0.333333333333333
"2804",0.666666666666667
"2805",0.666666666666667
"2806",1
"2807",0.666666666666667
"2808",0.666666666666667
"2809",1
"2810",0.666666666666667
"2811",0.666666666666667
"2812",1
"2813",0.666666666666667
"2814",1
"2815",1
"2816",0.666666666666667
"2817",0.666666666666667
"2818",1
"2819",1
"2820",0.666666666666667
"2821",0.666666666666667
"2822",1
"2823",0.666666666666667
"2824",0.666666666666667
"2825",0.666666666666667
"2826",1
"2827",1
"2828",0.666666666666667
"2829",0.666666666666667
"2830",1
"2831",0.333333333333333
"2832",1
"2833",1
"2834",0.666666666666667
"2835",0.333333333333333
"2836",1
"2837",1
"2838",1
"2839",0.5
"2840",0.666666666666667
"2841",1
"2842",0.333333333333333
"2843",1
"2844",0.333333333333333
"2845",0.166666666666667
"2846",1
"2847",0.666666666666667
"2848",0.666666666666667
"2849",0.666666666666667
"2850",1
"2851",0.666666666666667
"2852",0.666666666666667
"2853",0.333333333333333
"2854",1
"2855",0.333333333333333
"2856",0.666666666666667
"2857",0.666666666666667
"2858",1
"2859",0.666666666666667
"2860",0.666666666666667
"2861",0.666666666666667
"2862",0.666666666666667
"2863",0.666666666666667
"2864",0.333333333333333
"2865",0.666666666666667
"2866",1
"2867",1
"2868",1
"2869",1
"2870",0.833333333333333
"2871",1
"2872",1
"2873",1
"2874",0.666666666666667
"2875",0.333333333333333
"2876",1
"2877",1
"2878",1
"2879",1
"2880",0.666666666666667
"2881",0.666666666666667
"2882",0.666666666666667
"2883",0.333333333333333
"2884",0.333333333333333
"2885",0.666666666666667
"2886",0.666666666666667
"2887",0.666666666666667
"2888",0.666666666666667
"2889",0.666666666666667
"2890",0.666666666666667
"2891",0.333333333333333
"2892",1
"2893",0.666666666666667
"2894",0.666666666666667
"2895",1
"2896",0.666666666666667
"2897",0.333333333333333
"2898",1
"2899",0.666666666666667
"2900",0.666666666666667
"2901",0.666666666666667
"2902",1
"2903",0.666666666666667
"2904",0.666666666666667
"2905",1
"2906",0.666666666666667
"2907",0.666666666666667
"2908",0.666666666666667
"2909",1
"2910",0.666666666666667
"2911",1
"2912",1
"2913",0.666666666666667
"2914",0.333333333333333
"2915",0.666666666666667
"2916",0.666666666666667
"2917",0.666666666666667
"2918",0.666666666666667
"2919",0.666666666666667
"2920",1
"2921",0.333333333333333
"2922",1
"2923",0.333333333333333
"2924",0.333333333333333
"2925",0.666666666666667
"2926",0.666666666666667
"2927",0.666666666666667
"2928",0.333333333333333
"2929",0.666666666666667
"2930",0.666666666666667
"2931",0.666666666666667
"2932",1
"2933",1
"2934",1
"2935",1
"2936",0.666666666666667
"2937",0.666666666666667
"2938",0.666666666666667
"2939",0.333333333333333
"2940",1
"2941",1
"2942",1
"2943",0.666666666666667
"2944",1
"2945",0.666666666666667
"2946",0.666666666666667
"2947",1
"2948",1
"2949",1
"2950",1
"2951",1
"2952",1
"2953",0.333333333333333
"2954",0.666666666666667
"2955",0.666666666666667
"2956",1
"2957",0.666666666666667
"2958",0.333333333333333
"2959",0.666666666666667
"2960",0.666666666666667
"2961",1
"2962",0.666666666666667
"2963",0.666666666666667
"2964",0.666666666666667
"2965",1
"2966",1
"2967",0.666666666666667
"2968",0.666666666666667
"2969",0.333333333333333
"2970",0.666666666666667
"2971",1
"2972",0.666666666666667
"2973",1
"2974",0.666666666666667
"2975",0.666666666666667
"2976",0.666666666666667
"2977",0.666666666666667
"2978",1
"2979",0.666666666666667
"2980",0.666666666666667
"2981",1
"2982",1
"2983",0.333333333333333
"2984",0.666666666666667
"2985",1
"2986",0.666666666666667
"2987",0.666666666666667
"2988",0.666666666666667
"2989",1
"2990",1
"2991",1
"2992",0.666666666666667
"2993",1
"2994",0.333333333333333
"2995",0.666666666666667
"2996",1
"2997",0.666666666666667
"2998",1
"2999",1
"3000",0.333333333333333
"3001",0.666666666666667
"3002",0.666666666666667
"3003",1
"3004",1
"3005",0.666666666666667
"3006",1
"3007",0.666666666666667
"3008",1
"3009",0.666666666666667
"3010",0.666666666666667
"3011",1
"3012",0.666666666666667
"3013",1
"3014",0.333333333333333
"3015",1
"3016",0.666666666666667
"3017",0.666666666666667
"3018",1
"3019",0.666666666666667
"3020",0.333333333333333
"3021",0.333333333333333
"3022",0.333333333333333
"3023",0.666666666666667
"3024",1
"3025",1
"3026",0.666666666666667
"3027",0.666666666666667
"3028",1
"3029",0.666666666666667
"3030",0.666666666666667
"3031",1
"3032",0.666666666666667
"3033",1
"3034",0.333333333333333
"3035",0.666666666666667
"3036",1
"3037",0.666666666666667
"3038",1
"3039",1
"3040",0.666666666666667
"3041",0.333333333333333
"3042",0.333333333333333
"3043",0.666666666666667
"3044",0.666666666666667
"3045",1
"3046",1
"3047",0.333333333333333
"3048",1
"3049",1
"3050",0.666666666666667
"3051",0.666666666666667
"3052",1
"3053",0.666666666666667
"3054",1
"3055",0.333333333333333
"3056",0.666666666666667
"3057",1
"3058",0.666666666666667
"3059",1
"3060",1
"3061",1
"3062",0.666666666666667
"3063",1
"3064",1
"3065",0.666666666666667
"3066",0.666666666666667
"3067",1
"3068",0.333333333333333
"3069",1
"3070",0.666666666666667
"3071",1
"3072",0.666666666666667
"3073",0.666666666666667
"3074",0.666666666666667
"3075",0.666666666666667
"3076",0.666666666666667
"3077",1
"3078",0.333333333333333
"3079",0.666666666666667
"3080",0.666666666666667
"3081",1
"3082",1
"3083",0.333333333333333
"3084",1
"3085",0.666666666666667
"3086",0.666666666666667
"3087",1
"3088",0.333333333333333
"3089",0.666666666666667
"3090",1
"3091",1
"3092",1
"3093",0.333333333333333
"3094",1
"3095",1
"3096",0.333333333333333
"3097",0.333333333333333
"3098",1
"3099",1
"3100",1
"3101",1
"3102",0.333333333333333
"3103",1
"3104",0.666666666666667
"3105",0.666666666666667
"3106",1
"3107",0.666666666666667
"3108",0.333333333333333
"3109",0.166666666666667
"3110",1
"3111",1
"3112",0.666666666666667
"3113",1
"3114",1
"3115",0.333333333333333
"3116",0.666666666666667
"3117",1
"3118",1
"3119",0.333333333333333
"3120",0.666666666666667
"3121",1
"3122",1
"3123",0.666666666666667
"3124",0.333333333333333
"3125",1
"3126",1
"3127",0.666666666666667
"3128",0.333333333333333
"3129",0.666666666666667
"3130",0.333333333333333
"3131",0.666666666666667
"3132",0.666666666666667
"3133",1
"3134",0.333333333333333
"3135",0.666666666666667
"3136",0.666666666666667
"3137",0.666666666666667
"3138",0.5
"3139",0.666666666666667
"3140",1
"3141",0.666666666666667
"3142",1
"3143",1
"3144",0.666666666666667
"3145",1
"3146",1
"3147",0.666666666666667
"3148",1
"3149",1
"3150",1
"3151",0.666666666666667
"3152",1
"3153",0.666666666666667
"3154",1
"3155",1
"3156",1
"3157",1
"3158",0.333333333333333
"3159",0.333333333333333
"3160",0.666666666666667
"3161",0.666666666666667
"3162",0.666666666666667
"3163",0.333333333333333
"3164",0.333333333333333
"3165",0.666666666666667
"3166",1
"3167",1
"3168",0.666666666666667
"3169",1
"3170",0.666666666666667
"3171",0.666666666666667
"3172",0.666666666666667
"3173",1
"3174",0.666666666666667
"3175",0.666666666666667
"3176",1
"3177",0.333333333333333
"3178",0.666666666666667
"3179",1
"3180",0.666666666666667
"3181",1
"3182",0.666666666666667
"3183",1
"3184",0.666666666666667
"3185",0.333333333333333
"3186",0.666666666666667
"3187",0.333333333333333
"3188",0.666666666666667
"3189",1
"3190",1
"3191",1
"3192",1
"3193",1
"3194",0.666666666666667
"3195",1
"3196",1
"3197",1
"3198",0.333333333333333
"3199",0.833333333333333
"3200",0.333333333333333
"3201",0.666666666666667
"3202",1
"3203",1
"3204",0.666666666666667
"3205",1
"3206",0.666666666666667
"3207",0.333333333333333
"3208",1
"3209",0.333333333333333
"3210",0.666666666666667
"3211",1
"3212",0.666666666666667
"3213",1
"3214",0.666666666666667
"3215",0.666666666666667
"3216",1
"3217",0.666666666666667
"3218",0.666666666666667
"3219",0.333333333333333
"3220",0.666666666666667
"3221",1
"3222",0.333333333333333
"3223",0.333333333333333
"3224",0.666666666666667
"3225",0.666666666666667
"3226",0.333333333333333
"3227",0.666666666666667
"3228",1
"3229",0.666666666666667
"3230",1
"3231",0.666666666666667
"3232",0.666666666666667
"3233",0.666666666666667
"3234",0.666666666666667
"3235",1
"3236",0.666666666666667
"3237",0.666666666666667
"3238",1
"3239",0.666666666666667
"3240",0.666666666666667
"3241",0.666666666666667
"3242",0.666666666666667
"3243",0.666666666666667
"3244",1
"3245",1
"3246",0.666666666666667
"3247",0.333333333333333
"3248",1
"3249",0.333333333333333
"3250",1
"3251",0.666666666666667
"3252",1
"3253",0.333333333333333
"3254",0.5
"3255",0.666666666666667
"3256",1
"3257",0.333333333333333
"3258",1
"3259",0.666666666666667
"3260",0.666666666666667
"3261",1
"3262",0.666666666666667
"3263",1
"3264",0.666666666666667
"3265",0.666666666666667
"3266",0.666666666666667
"3267",0.666666666666667
"3268",1
"3269",0.666666666666667
"3270",0.666666666666667
"3271",0.666666666666667
"3272",0.333333333333333
"3273",0.666666666666667
"3274",0.833333333333333
"3275",0.666666666666667
"3276",0.666666666666667
"3277",1
"3278",1
"3279",1
"3280",0.333333333333333
"3281",1
"3282",0.666666666666667
"3283",1
"3284",0.666666666666667
"3285",1
"3286",0.666666666666667
"3287",0.666666666666667
"3288",1
"3289",1
"3290",1
"3291",0.333333333333333
"3292",0.666666666666667
"3293",1
"3294",1
"3295",1
"3296",0.666666666666667
"3297",0.666666666666667
"3298",0.666666666666667
"3299",0.333333333333333
"3300",1
"3301",0.666666666666667
"3302",1
"3303",1
"3304",0.666666666666667
"3305",0.666666666666667
"3306",1
"3307",1
"3308",0.666666666666667
"3309",0.333333333333333
"3310",1
"3311",0.666666666666667
"3312",0.666666666666667
"3313",0.666666666666667
"3314",1
"3315",0.666666666666667
"3316",0.666666666666667
"3317",1
"3318",0.666666666666667
"3319",0.666666666666667
"3320",0.666666666666667
"3321",0.333333333333333
"3322",1
"3323",1
"3324",0.666666666666667
"3325",0.666666666666667
"3326",0.666666666666667
"3327",1
"3328",0.666666666666667
"3329",0.333333333333333
"3330",1
"3331",0.666666666666667
"3332",0.5
"3333",1
"3334",0.666666666666667
"3335",0.666666666666667
"3336",1
"3337",1
"3338",0.666666666666667
"3339",1
"3340",1
"3341",1
"3342",0.666666666666667
"3343",0.666666666666667
"3344",0.666666666666667
"3345",1
"3346",0.666666666666667
"3347",1
"3348",1
"3349",1
"3350",1
"3351",0.666666666666667
"3352",0.666666666666667
"3353",0.666666666666667
"3354",0.666666666666667
"3355",0.333333333333333
"3356",0.666666666666667
"3357",0.5
"3358",1
"3359",0.333333333333333
"3360",0.666666666666667
"3361",0.333333333333333
"3362",0.666666666666667
"3363",1
"3364",0.666666666666667
"3365",0.333333333333333
"3366",0.666666666666667
"3367",1
"3368",1
"3369",1
"3370",0.666666666666667
"3371",0.666666666666667
"3372",0.666666666666667
"3373",1
"3374",0.5
"3375",0.666666666666667
"3376",0.333333333333333
"3377",0.666666666666667
"3378",0.666666666666667
"3379",0.333333333333333
"3380",1
"3381",0.666666666666667
"3382",0.666666666666667
"3383",0.333333333333333
"3384",0.666666666666667
"3385",1
"3386",0.666666666666667
"3387",0.666666666666667
"3388",0.666666666666667
"3389",0.5
"3390",1
"3391",0.666666666666667
"3392",0.666666666666667
"3393",0.333333333333333
"3394",0.666666666666667
"3395",0.666666666666667
"3396",1
"3397",0.666666666666667
"3398",1
"3399",0.666666666666667
"3400",1
"3401",1
"3402",1
"3403",1
"3404",0.666666666666667
"3405",0.333333333333333
"3406",1
"3407",1
"3408",1
"3409",0.666666666666667
"3410",0.666666666666667
"3411",1
"3412",0.666666666666667
"3413",1
"3414",1
"3415",1
"3416",1
"3417",0.333333333333333
"3418",0.666666666666667
"3419",1
"3420",0.666666666666667
"3421",0.333333333333333
"3422",0.666666666666667
"3423",0.333333333333333
"3424",1
"3425",0.333333333333333
"3426",1
"3427",1
"3428",0.333333333333333
"3429",0.833333333333333
"3430",1
"3431",0.666666666666667
"3432",0.333333333333333
"3433",0.666666666666667
"3434",0.666666666666667
"3435",1
"3436",0.666666666666667
"3437",0.5
"3438",0.666666666666667
"3439",0.666666666666667
"3440",1
"3441",0.666666666666667
"3442",0.666666666666667
"3443",0.666666666666667
"3444",0.666666666666667
"3445",1
"3446",0.333333333333333
"3447",0.666666666666667
"3448",0.666666666666667
"3449",0.333333333333333
"3450",0.333333333333333
"3451",0.666666666666667
"3452",1
"3453",1
"3454",1
"3455",0.333333333333333
"3456",0.333333333333333
"3457",0.666666666666667
"3458",0.333333333333333
"3459",0.666666666666667
"3460",0.666666666666667
"3461",0.666666666666667
"3462",0.666666666666667
"3463",1
"3464",0.666666666666667
"3465",0.333333333333333
"3466",1
"3467",0.666666666666667
"3468",1
"3469",1
"3470",0.666666666666667
"3471",1
"3472",0.666666666666667
"3473",1
"3474",1
"3475",0.666666666666667
"3476",0.333333333333333
"3477",1
"3478",1
"3479",0.666666666666667
"3480",1
"3481",0.666666666666667
"3482",0.333333333333333
"3483",1
"3484",0.666666666666667
"3485",1
"3486",1
"3487",1
"3488",1
"3489",1
"3490",0.666666666666667
"3491",1
"3492",0.333333333333333
"3493",1
"3494",0.666666666666667
"3495",0.666666666666667
"3496",0.666666666666667
"3497",0.333333333333333
"3498",0.666666666666667
"3499",0.666666666666667
"3500",0.666666666666667
"3501",0.333333333333333
"3502",1
"3503",0.333333333333333
"3504",0.666666666666667
"3505",0.666666666666667
"3506",1
"3507",1
"3508",1
"3509",0.666666666666667
"3510",1
"3511",0.333333333333333
"3512",1
"3513",0.666666666666667
"3514",1
"3515",1
"3516",0.333333333333333
"3517",0.666666666666667
"3518",1
"3519",0.666666666666667
"3520",1
"3521",1
"3522",1
"3523",0.666666666666667
"3524",1
"3525",0.333333333333333
"3526",1
"3527",1
"3528",0.666666666666667
"3529",1
"3530",0.666666666666667
"3531",0.666666666666667
"3532",0.333333333333333
"3533",0.666666666666667
"3534",0.333333333333333
"3535",0.666666666666667
"3536",0.333333333333333
"3537",0.666666666666667
"3538",0.666666666666667
"3539",0.666666666666667
"3540",1
"3541",1
"3542",1
"3543",1
"3544",0.333333333333333
"3545",1
"3546",1
"3547",1
"3548",1
"3549",0.333333333333333
"3550",1
"3551",0.333333333333333
"3552",0.333333333333333
"3553",1
"3554",1
"3555",1
"3556",0.666666666666667
"3557",0.166666666666667
"3558",0.666666666666667
"3559",0.666666666666667
"3560",0.333333333333333
"3561",1
"3562",0.666666666666667
"3563",0.666666666666667
"3564",0.666666666666667
"3565",0.666666666666667
"3566",1
"3567",0.666666666666667
"3568",0.666666666666667
"3569",0.333333333333333
"3570",0.333333333333333
"3571",0.666666666666667
"3572",0.333333333333333
"3573",0.666666666666667
"3574",0.666666666666667
"3575",0.666666666666667
"3576",1
"3577",0.333333333333333
"3578",1
"3579",1
"3580",0.333333333333333
"3581",1
"3582",1
"3583",0.666666666666667
"3584",0.666666666666667
"3585",1
"3586",1
"3587",0.666666666666667
"3588",0.333333333333333
"3589",0.666666666666667
"3590",0.333333333333333
"3591",1
"3592",0.666666666666667
"3593",0.666666666666667
"3594",0.666666666666667
"3595",0.666666666666667
"3596",0.666666666666667
"3597",1
"3598",1
"3599",0.666666666666667
"3600",0.666666666666667
"3601",1
"3602",1
"3603",1
"3604",1
"3605",1
"3606",0.666666666666667
"3607",0.333333333333333
"3608",1
"3609",1
"3610",1
"3611",0.666666666666667
"3612",1
"3613",0.333333333333333
"3614",0.666666666666667
"3615",0.666666666666667
"3616",0.666666666666667
"3617",1
"3618",1
"3619",1
"3620",1
"3621",1
"3622",0.666666666666667
"3623",0.666666666666667
"3624",1
"3625",0.333333333333333
"3626",1
"3627",0.666666666666667
"3628",0.166666666666667
"3629",0.666666666666667
"3630",0.666666666666667
"3631",1
"3632",0.333333333333333
"3633",0.666666666666667
"3634",1
"3635",0.333333333333333
"3636",0.333333333333333
"3637",1
"3638",0.666666666666667
"3639",0.666666666666667
"3640",0.666666666666667
"3641",1
"3642",1
"3643",1
"3644",1
"3645",0.666666666666667
"3646",0.666666666666667
"3647",0.666666666666667
"3648",0.666666666666667
"3649",0.666666666666667
"3650",0.666666666666667
"3651",0.666666666666667
"3652",0.666666666666667
"3653",1
"3654",0.666666666666667
"3655",0.666666666666667
"3656",0.333333333333333
"3657",0.333333333333333
"3658",1
"3659",1
"3660",1
"3661",1
"3662",1
"3663",0.666666666666667
"3664",1
"3665",0.5
"3666",0.666666666666667
"3667",1
"3668",0.666666666666667
"3669",1
"3670",0.666666666666667
"3671",1
"3672",0.666666666666667
"3673",0.666666666666667
"3674",0.666666666666667
"3675",0.666666666666667
"3676",0.666666666666667
"3677",0.666666666666667
"3678",0.666666666666667
"3679",0.666666666666667
"3680",0.666666666666667
"3681",0.666666666666667
"3682",0.666666666666667
"3683",0.666666666666667
"3684",0.666666666666667
"3685",0.666666666666667
"3686",1
"3687",0.666666666666667
"3688",0.666666666666667
"3689",1
"3690",1
"3691",0.666666666666667
"3692",1
"3693",0.666666666666667
"3694",1
"3695",1
"3696",0.666666666666667
"3697",0.333333333333333
"3698",0.666666666666667
"3699",0.666666666666667
"3700",1
"3701",0.666666666666667
"3702",1
"3703",0.333333333333333
"3704",1
"3705",1
"3706",1
"3707",0.666666666666667
"3708",1
"3709",0.666666666666667
"3710",0.666666666666667
"3711",0.333333333333333
"3712",0.666666666666667
"3713",1
"3714",0.666666666666667
"3715",1
"3716",0.666666666666667
"3717",0.666666666666667
"3718",1
"3719",1
"3720",0.666666666666667
"3721",0.333333333333333
"3722",1
"3723",1
"3724",0.333333333333333
